{"cameraMode":{"drawMode":0,"name":"Shaded","section":"Shading Mode"},"sceneLighting":true,"audioPlay":false,"sceneViewState":{"m_AlwaysRefresh":false,"showFog":true,"showSkybox":true,"showFlares":true,"showImageEffects":true,"showParticleSystems":true,"showVisualEffectGraphs":true,"m_FxEnabled":true},"in2DMode":false,"pivot":{"x":1.941774845123291,"y":5.135175704956055,"z":-0.1052849292755127},"rotation":{"x":-0.08517009019851685,"y":0.7483819127082825,"z":-0.09799391776323319,"w":-0.6504509449005127},"size":0.28154799342155459,"orthographic":false}