{"cameraMode":{"drawMode":0,"name":"Shaded","section":"Shading Mode"},"sceneLighting":true,"audioPlay":false,"sceneViewState":{"showFog":false,"showMaterialUpdate":false,"showSkybox":false,"showFlares":false,"showImageEffects":false,"showParticleSystems":false},"in2DMode":false,"pivot":{"x":-1.4614250659942628,"y":8.2611665725708,"z":-1.5462121963500977},"rotation":{"x":-0.2899685502052307,"y":-0.47930261492729189,"z":0.1713494509458542,"w":-0.810552179813385},"size":2.0948586463928224,"orthographic":false}