{"cameraMode":{"drawMode":0,"name":"Shaded","section":"Shading Mode"},"sceneLighting":false,"audioPlay":false,"sceneViewState":{"showFog":false,"showMaterialUpdate":false,"showSkybox":false,"showFlares":false,"showImageEffects":false,"showParticleSystems":false},"in2DMode":false,"pivot":{"x":-46.01533508300781,"y":6.008448600769043,"z":11.997065544128418},"rotation":{"x":-0.06487945467233658,"y":0.11976201087236405,"z":-0.00784110277891159,"w":-0.990658164024353},"size":6.825623512268066,"orthographic":false}